INSERT INTO `actividad` (`id`, `archivo`, `descripcion`, `fecha_creacion`, `nombre`) VALUES
(1, 'IMG_20220214_102101.jpg', '<p><strong>Lorem Ipsum</strong>&nbsp;is simply dummy text of the printing and typesetting industry. Lorem Ipsum has been the industry\'s standard dummy text ever since the 1500s, when an unknown printer took a galley of type and scrambled it to make a type specimen book. It has survived not only five centuries, but also the leap into electronic typesetting, remaining essentially unchanged. It was popularised in the 1960s with the release of Letraset sheets containing Lorem Ipsum passages, and more recently with desktop publishing software like Aldus PageMaker including versions of Lorem Ipsum</p>', '2022-06-10', 'Ejercicios en el aula'),
(2, 'IMG_20220202_130239.jpg', '<p><strong>Lorem Ipsum</strong>&nbsp;is simply dummy text of the printing and typesetting industry. Lorem Ipsum has been the industry\'s standard dummy text ever since the 1500s, when an unknown printer took a galley of type and scrambled it to make a type specimen book. It has survived not only five centuries, but also the leap into electronic typesetting, remaining essentially unchanged. It was popularised in the 1960s with the release of Letraset sheets containing Lorem Ipsum passages, and more recently with desktop publishing software like Aldus PageMaker including versions of Lorem Ipsum</p>', '2022-06-13', 'Ejercicios de aprendizaje'),
(3, 'IMG_20220214_102101.jpg', '<p><strong>Lorem Ipsum</strong>&nbsp;is simply dummy text of the printing and typesetting industry. Lorem Ipsum has been the industry\'s standard dummy text ever since the 1500s, when an unknown printer took a galley of type and scrambled it to make a type specimen book. It has survived not only five centuries, but also the leap into electronic typesetting, remaining essentially unchanged. It was popularised in the 1960s with the release of Letraset sheets containing Lorem Ipsum passages, and more recently with desktop publishing software like Aldus PageMaker including versions of Lorem Ipsum</p>', '2022-06-10', 'Ejercicios con portatiles'),
(4, 'IMG_20220202_130239.jpg', '<p><strong>Lorem Ipsum</strong>&nbsp;is simply dummy text of the printing and typesetting industry. Lorem Ipsum has been the industry\'s standard dummy text ever since the 1500s, when an unknown printer took a galley of type and scrambled it to make a type specimen book. It has survived not only five centuries, but also the leap into electronic typesetting, remaining essentially unchanged. It was popularised in the 1960s with the release of Letraset sheets containing Lorem Ipsum passages, and more recently with desktop publishing software like Aldus PageMaker including versions of Lorem Ipsum</p>', '2022-06-13', 'Ejercicios para aprender a creer en ti mismo'),
(5, 'IMG_20220214_102101.jpg', '<p><strong>Lorem Ipsum</strong>&nbsp;is simply dummy text of the printing and typesetting industry. Lorem Ipsum has been the industry\'s standard dummy text ever since the 1500s, when an unknown printer took a galley of type and scrambled it to make a type specimen book. It has survived not only five centuries, but also the leap into electronic typesetting, remaining essentially unchanged. It was popularised in the 1960s with the release of Letraset sheets containing Lorem Ipsum passages, and more recently with desktop publishing software like Aldus PageMaker including versions of Lorem Ipsum</p>', '2022-06-10', 'Taller de creacion de una empresa'),
(6, 'IMG_20220202_130239.jpg', '<p><strong>Lorem Ipsum</strong>&nbsp;is simply dummy text of the printing and typesetting industry. Lorem Ipsum has been the industry\'s standard dummy text ever since the 1500s, when an unknown printer took a galley of type and scrambled it to make a type specimen book. It has survived not only five centuries, but also the leap into electronic typesetting, remaining essentially unchanged. It was popularised in the 1960s with the release of Letraset sheets containing Lorem Ipsum passages, and more recently with desktop publishing software like Aldus PageMaker including versions of Lorem Ipsum</p>', '2022-06-13', 'Taller de confinanza'),
(7, 'IMG_20220214_102101.jpg', '<p><strong>Lorem Ipsum</strong>&nbsp;is simply dummy text of the printing and typesetting industry. Lorem Ipsum has been the industry\'s standard dummy text ever since the 1500s, when an unknown printer took a galley of type and scrambled it to make a type specimen book. It has survived not only five centuries, but also the leap into electronic typesetting, remaining essentially unchanged. It was popularised in the 1960s with the release of Letraset sheets containing Lorem Ipsum passages, and more recently with desktop publishing software like Aldus PageMaker including versions of Lorem Ipsum</p>', '2022-06-10', 'Conexion de cursos de la ESO'),
(8, 'IMG_20220202_130239.jpg', '<p><strong>Lorem Ipsum</strong>&nbsp;is simply dummy text of the printing and typesetting industry. Lorem Ipsum has been the industry\'s standard dummy text ever since the 1500s, when an unknown printer took a galley of type and scrambled it to make a type specimen book. It has survived not only five centuries, but also the leap into electronic typesetting, remaining essentially unchanged. It was popularised in the 1960s with the release of Letraset sheets containing Lorem Ipsum passages, and more recently with desktop publishing software like Aldus PageMaker including versions of Lorem Ipsum</p>', '2022-06-13', 'Aprender a sobrevivir');

INSERT INTO `categoria` (`id`, `titulo`) VALUES
(1, 'Actividades'),
(2, 'Informacion'),
(3, 'Empresa');

INSERT INTO `curso` (`id`, `descripcion`) VALUES
(1, '1DAW'),
(2, '2DAW'),
(3, '1DAM'),
(4, '2DAM');

INSERT INTO `galeria` (`id`, `archivo`, `titulo`, `fk_categoria`) VALUES
(1, 'IMG_20220214_102101.jpg', 'imagen1', 1),
(2, 'IMG_20220214_102101.jpg', 'imagen2', 2),
(3, 'IMG_20220214_102101.jpg', 'imagen3', 1),
(4, 'IMG_20220214_102101.jpg', 'imagen4', 2),
(5, 'conocenos.jpg', 'imagen5', 3),
(6, 'IMG_20220214_102101.jpg', 'imagen6', 3),
(7, 'IMG_20220214_102101.jpg', 'imagen7', 3),
(8, 'IMG_20220214_102101.jpg', 'imagen8', 1),
(9, 'conocenos.jpg', 'imagen9', 1),
(10, 'IMG_20220214_102101.jpg', 'imagen10', 2);

INSERT INTO `principal` (`id`, `descripcion`) VALUES
(1, '<h1>EMPRENDER ES TU OPORTUNIDAD</h1>\n<p>A principios de 2021, un grupo de docentes del Departamento de FOL y Empresa iniciamos un ilusionante proyecto con un objetivo claro: poner en pr&aacute;ctica acciones encaminadas al desarrollo de la competencia emprendedora y la empleabilidad.</p>\n<p>&nbsp;</p>\n<p>Naci&oacute; as&oacute; nuestra Aula Profesional de Emprendimiento, un nuevo espacio docente creado especificamente ser motor de cambio y formar a nuestro alumnado para los problemas que se van a encontrar cuando salgan del sistema educativo. Para nosotros, lo m&aacute;s importante es ense&ntilde;arles a tener capacidad emprendedora, y no s&oacute;lo para montar una empresa, sino tambi&eacute;n para dirigir su propia vida. Se trata de que tengan sue&ntilde;os y que hagan todo lo que est&eacute;; en sus manos para hacerlos realidad. As&iacute; se produce el cambio.</p>\n<p>&nbsp;</p>\n<p>Queremos que nuestra Aula Profesional de Emprendimiento sirva de puente para acercar la realidad empresarial al alumnado de Formaci&oacute;n Profesional, y nos dirigimos tanto al alumnado que se encuentra cursando dichas ense&ntilde;anzas en el IES Las Fuentezuelas como de los titulados en los &uacute;timos cursos</p>\n<p>&nbsp;</p>\n<p>Puedes consultar la agenda de actividades y si tienes cualquier propuesta o requieres de asesoramiento, no dudes en <strong>contactar con nosotros.</strong></p>');
